source_row,Compound Id,Pref Name,CAS,Pubchem ID,Chembl ID,Formula,Smiles,Herb ID,inference_status,canonical_smiles,pred_log2_mic,pred_mic_ug_ml,rank_high_mic,rank_low_mic,overlap_model_dataset,seen_in_model_train_split
44,C0573,Choline Chloride,,CID:6209,CHEMBL282468,C5H14ClNO,OCC[N+](C)(C)C.[Cl-],H0892,excluded_multifragment,C[N+](C)(C)CCO.[Cl-],,,,,,
121,C0825,Isomitraphylline,CAS:4963-01-3,CID:11726520,,C21H24N2O4,COC(=C1C=[O][C@H]([C@@H]2[C@@H]1C[C@@H]1[NH+](C2)CC[C@]21C(=O)Nc1c2cccc1)C)[O-],H1099,invalid_smiles,,,,,,,
412,C1267,Cyanidin Chloride,,CID:68247,CHEMBL511367,C15H10O6.ClH,C1=CC(=C(C=C1C2=[O+]C3=CC(=CC(=C3C=C2O)O)O)O)O.[Cl-],H1174,excluded_multifragment,Oc1cc(O)c2cc(O)c(-c3ccc(O)c(O)c3)[o+]c2c1.[Cl-],,,,,,
538,C0410,Sodium Benzoate,,CID:517055,CHEMBL1356,C7H6O2.Na,[O-]C(=O)c1ccccc1.[Na+],H0022,excluded_multifragment,O=C([O-])c1ccccc1.[Na+],,,,,,
593,C0795,Oleuropein,CAS:32619-42-4,CID:6325757,,C25H32O13,COC(=C1C=[O][C@H](/C(=C\C)/[C@@H]1CC(=O)OCCc1ccc(c(c1)O)O)O[C@@H]1O[C@H](CO)[C@H]([C@@H]([C@H]1O)O)O)[O-],H0300,invalid_smiles,,,,,,,
948,C0726,Stemofoline,CAS:29881-57-0,CID:3005205,,C22H29NO5,CCCCC12C3CC4[NH+]1CCC2C1(O3)C4C(/C(=C/2\OC(=C(C2=[O]C)C)[O-])/O1)C,H0977,invalid_smiles,,,,,,,
950,C0895,Stemofoline,CAS:29881-57-0,CID:70697717,,C22H29NO5,CCCC[C@]12[C@@H]3C[C@@H]4[NH+]1CC[C@H]2[C@]1(O3)[C@@H]4[C@@H](/C(=C\2/OC(=C(C2=[O]C)C)[O-])/O1)C,H0977,invalid_smiles,,,,,,,
1160,C1172,Berberine Chloride,,CID:6426334,CHEMBL12089,C20H18NO4.ClH,COc1c(OC)ccc2c1c[n+]1CCc3c(c1c2)cc1c(c3)OCO1.[Cl-],H0785,excluded_multifragment,COc1ccc2cc3[n+](cc2c1OC)CCc1cc2c(cc1-3)OCO2.[Cl-],,,,,,
1298,C1172,Berberine Chloride,,CID:6426334,CHEMBL12089,C20H18NO4.ClH,COc1c(OC)ccc2c1c[n+]1CCc3c(c1c2)cc1c(c3)OCO1.[Cl-],H0704,excluded_multifragment,COc1ccc2cc3[n+](cc2c1OC)CCc1cc2c(cc1-3)OCO2.[Cl-],,,,,,
2589,C1267,Cyanidin Chloride,,CID:68247,CHEMBL511367,C15H10O6.ClH,C1=CC(=C(C=C1C2=[O+]C3=CC(=CC(=C3C=C2O)O)O)O)O.[Cl-],H0027,excluded_multifragment,Oc1cc(O)c2cc(O)c(-c3ccc(O)c(O)c3)[o+]c2c1.[Cl-],,,,,,
2949,C1172,Berberine Chloride,,CID:6426334,CHEMBL12089,C20H18NO4.ClH,COc1c(OC)ccc2c1c[n+]1CCc3c(c1c2)cc1c(c3)OCO1.[Cl-],H0872,excluded_multifragment,COc1ccc2cc3[n+](cc2c1OC)CCc1cc2c(cc1-3)OCO2.[Cl-],,,,,,
2975,C0644,Amarogentin,CAS:21018-84-8,CID:115149,,C29H30O13,OC[C@H]1O[C@@H](O[C@@H]2[O]=CC3=C([O-])OCC[C@H]3[C@H]2C=C)[C@@H]([C@H]([C@@H]1O)O)OC(=O)c1c(O)cc(cc1c1cccc(c1)O)O,H0961,invalid_smiles,,,,,,,
2976,C0704,Swertiamarin,CAS:17388-39-5,CID:442435,CHEMBL456138,C16H22O10,C=C[C@H]1[C@@H]([O]=CC2=C(OCC[C@@]12O)[O-])O[C@@H]1O[C@H](CO)[C@H]([C@@H]([C@H]1O)O)O,H0961,invalid_smiles,,,,,,,
3309,C0824,Sauchinone,,CID:11725801,CHEMBL520054,C20H20O6,C[C@@H]1C[C@H]2C(=CC3=[O]CO[C@]43[C@@H]2[C@@H]([C@H]1C)c1cc2OCOc2cc1O4)[O-],H0374,invalid_smiles,,,,,,,
3747,C0437,Tetraethylammonium Chloride,,CID:5946,CHEMBL434435,C8H20N.ClH,CC[N+](CC)(CC)CC.[Cl-],H0938,excluded_multifragment,CC[N+](CC)(CC)CC.[Cl-],,,,,,
4020,C1172,Berberine Chloride,,CID:6426334,CHEMBL12089,C20H18NO4.ClH,COc1c(OC)ccc2c1c[n+]1CCc3c(c1c2)cc1c(c3)OCO1.[Cl-],H1231,excluded_multifragment,COc1ccc2cc3[n+](cc2c1OC)CCc1cc2c(cc1-3)OCO2.[Cl-],,,,,,
4368,C0492,Nitidine Chloride,,CID:25659,CHEMBL8443,C21H18NO4.ClH,COc1cc2c[n+](C)c3c(c2cc1OC)ccc1c3cc2OCOc2c1.[Cl-],H0233,excluded_multifragment,COc1cc2c[n+](C)c3c4cc5c(cc4ccc3c2cc1OC)OCO5.[Cl-],,,,,,
4507,C1172,Berberine Chloride,,CID:6426334,CHEMBL12089,C20H18NO4.ClH,COc1c(OC)ccc2c1c[n+]1CCc3c(c1c2)cc1c(c3)OCO1.[Cl-],H0760,excluded_multifragment,COc1ccc2cc3[n+](cc2c1OC)CCc1cc2c(cc1-3)OCO2.[Cl-],,,,,,
4889,C0606,Choline,,CID:31255,CHEMBL3187547,C5H15NO2,OCC[N+](C)(C)C.[OH-],H0006,excluded_multifragment,C[N+](C)(C)CCO.[OH-],,,,,,
5085,C0712,Isocryptotanshinone,CAS:22550-15-8,CID:626608,,C19H20O3,CC1C[O]=C2C1=C([O-])c1c(C2=O)c2CCCC(c2cc1)(C)C,H0949,invalid_smiles,,,,,,,
5284,C1267,Cyanidin Chloride,,CID:68247,CHEMBL511367,C15H10O6.ClH,C1=CC(=C(C=C1C2=[O+]C3=CC(=CC(=C3C=C2O)O)O)O)O.[Cl-],H0026,excluded_multifragment,Oc1cc(O)c2cc(O)c(-c3ccc(O)c(O)c3)[o+]c2c1.[Cl-],,,,,,
5623,C0644,Amarogentin,CAS:21018-84-8,CID:115149,,C29H30O13,OC[C@H]1O[C@@H](O[C@@H]2[O]=CC3=C([O-])OCC[C@H]3[C@H]2C=C)[C@@H]([C@H]([C@@H]1O)O)OC(=O)c1c(O)cc(cc1c1cccc(c1)O)O,H1245,invalid_smiles,,,,,,,
5624,C0704,Swertiamarin,CAS:17388-39-5,CID:442435,CHEMBL456138,C16H22O10,C=C[C@H]1[C@@H]([O]=CC2=C(OCC[C@@]12O)[O-])O[C@@H]1O[C@H](CO)[C@H]([C@@H]([C@H]1O)O)O,H1245,invalid_smiles,,,,,,,
5829,C1172,Berberine Chloride,,CID:6426334,CHEMBL12089,C20H18NO4.ClH,COc1c(OC)ccc2c1c[n+]1CCc3c(c1c2)cc1c(c3)OCO1.[Cl-],H0029,excluded_multifragment,COc1ccc2cc3[n+](cc2c1OC)CCc1cc2c(cc1-3)OCO2.[Cl-],,,,,,
6089,C0625,Gentiopicroside,CAS:20831-76-9,CID:88708,CHEMBL508320,C16H20O9,C=C[C@H]1[C@@H]([O]=CC2=C(OCC=C12)[O-])O[C@@H]1O[C@H](CO)[C@H]([C@@H]([C@H]1O)O)O,H0336,invalid_smiles,,,,,,,
6377,C0689,Cytochrome C,,CID:439171,,C42H52FeN8O6S2,CNC(=O)C(CSC(C1=C(C)C2=Cc3[n-]c(c(c3C(SCC(C(=O)NC)[NH3+])C)C)C=C3N=C(C=c4[n-]c(=CC1=N2)c(C)c4CCC(=O)[O-])C(=C3C)CCC(=O)[O-])C)[NH3+].[Fe+2],H0215,excluded_multifragment,CNC(=O)C([NH3+])CSC(C)C1=C(C)c2cc3[n-]c(cc4nc(cc5[n-]c(cc1n2)c(C)c5CCC(=O)[O-])C(CCC(=O)[O-])=C4C)c(C)c3C(C)SCC([NH3+])C(=O)NC.[Fe+2],,,,,,
6602,C1172,Berberine Chloride,,CID:6426334,CHEMBL12089,C20H18NO4.ClH,COc1c(OC)ccc2c1c[n+]1CCc3c(c1c2)cc1c(c3)OCO1.[Cl-],H1243,excluded_multifragment,COc1ccc2cc3[n+](cc2c1OC)CCc1cc2c(cc1-3)OCO2.[Cl-],,,,,,
7589,C0644,Amarogentin,CAS:21018-84-8,CID:115149,,C29H30O13,OC[C@H]1O[C@@H](O[C@@H]2[O]=CC3=C([O-])OCC[C@H]3[C@H]2C=C)[C@@H]([C@H]([C@@H]1O)O)OC(=O)c1c(O)cc(cc1c1cccc(c1)O)O,H0162,invalid_smiles,,,,,,,
7590,C0704,Swertiamarin,CAS:17388-39-5,CID:442435,CHEMBL456138,C16H22O10,C=C[C@H]1[C@@H]([O]=CC2=C(OCC[C@@]12O)[O-])O[C@@H]1O[C@H](CO)[C@H]([C@@H]([C@H]1O)O)O,H0162,invalid_smiles,,,,,,,
7592,C0625,Gentiopicroside,CAS:20831-76-9,CID:88708,CHEMBL508320,C16H20O9,C=C[C@H]1[C@@H]([O]=CC2=C(OCC=C12)[O-])O[C@@H]1O[C@H](CO)[C@H]([C@@H]([C@H]1O)O)O,H0162,invalid_smiles,,,,,,,
7684,C0005,Delphinidin Chloride,,CID:68245,CHEMBL590878,C15H10O7.ClH,C1=C(C=C(C(=C1O)O)O)C2=[O+]C3=CC(=CC(=C3C=C2O)O)O.[Cl-],H1240,excluded_multifragment,Oc1cc(O)c2cc(O)c(-c3cc(O)c(O)c(O)c3)[o+]c2c1.[Cl-],,,,,,
7820,C0353,Quercetin Dihydrate,,CID:16212154,CHEMBL1173475,C15H10O7.H2O,Oc1cc(O)c2c(c1)oc(c(c2=O)O)c1ccc(c(c1)O)O.O,H0396,excluded_multifragment,O.O=c1c(O)c(-c2ccc(O)c(O)c2)oc2cc(O)cc(O)c12,,,,,,
7859,C1172,Berberine Chloride,,CID:6426334,CHEMBL12089,C20H18NO4.ClH,COc1c(OC)ccc2c1c[n+]1CCc3c(c1c2)cc1c(c3)OCO1.[Cl-],H0682,excluded_multifragment,COc1ccc2cc3[n+](cc2c1OC)CCc1cc2c(cc1-3)OCO2.[Cl-],,,,,,
8060,C1251,Congo Red,,,CHEMBL429694,C32H24N6O6S2.2Na,Nc1c(/N=N/c2ccc(cc2)c2ccc(cc2)/N=N/c2cc(c3c(c2N)cccc3)S(=O)(=O)[O-])cc(c2c1cccc2)S(=O)(=O)[O-].[Na+].[Na+],H0028,excluded_multifragment,Nc1c(/N=N/c2ccc(-c3ccc(/N=N/c4cc(S(=O)(=O)[O-])c5ccccc5c4N)cc3)cc2)cc(S(=O)(=O)[O-])c2ccccc12.[Na+].[Na+],,,,,,
8857,C0353,Quercetin Dihydrate,,CID:16212154,CHEMBL1173475,C15H10O7.H2O,Oc1cc(O)c2c(c1)oc(c(c2=O)O)c1ccc(c(c1)O)O.O,H0397,excluded_multifragment,O.O=c1c(O)c(-c2ccc(O)c(O)c2)oc2cc(O)cc(O)c12,,,,,,
8880,C1267,Cyanidin Chloride,,CID:68247,CHEMBL511367,C15H10O6.ClH,C1=CC(=C(C=C1C2=[O+]C3=CC(=CC(=C3C=C2O)O)O)O)O.[Cl-],H1007,excluded_multifragment,Oc1cc(O)c2cc(O)c(-c3ccc(O)c(O)c3)[o+]c2c1.[Cl-],,,,,,
10704,C1172,Berberine Chloride,,CID:6426334,CHEMBL12089,C20H18NO4.ClH,COc1c(OC)ccc2c1c[n+]1CCc3c(c1c2)cc1c(c3)OCO1.[Cl-],H1228,excluded_multifragment,COc1ccc2cc3[n+](cc2c1OC)CCc1cc2c(cc1-3)OCO2.[Cl-],,,,,,
10830,C1251,Congo Red,,,CHEMBL429694,C32H24N6O6S2.2Na,Nc1c(/N=N/c2ccc(cc2)c2ccc(cc2)/N=N/c2cc(c3c(c2N)cccc3)S(=O)(=O)[O-])cc(c2c1cccc2)S(=O)(=O)[O-].[Na+].[Na+],H0895,excluded_multifragment,Nc1c(/N=N/c2ccc(-c3ccc(/N=N/c4cc(S(=O)(=O)[O-])c5ccccc5c4N)cc3)cc2)cc(S(=O)(=O)[O-])c2ccccc12.[Na+].[Na+],,,,,,
11003,C1267,Cyanidin Chloride,,CID:68247,CHEMBL511367,C15H10O6.ClH,C1=CC(=C(C=C1C2=[O+]C3=CC(=CC(=C3C=C2O)O)O)O)O.[Cl-],H0952,excluded_multifragment,Oc1cc(O)c2cc(O)c(-c3ccc(O)c(O)c3)[o+]c2c1.[Cl-],,,,,,
11803,C1172,Berberine Chloride,,CID:6426334,CHEMBL12089,C20H18NO4.ClH,COc1c(OC)ccc2c1c[n+]1CCc3c(c1c2)cc1c(c3)OCO1.[Cl-],H1115,excluded_multifragment,COc1ccc2cc3[n+](cc2c1OC)CCc1cc2c(cc1-3)OCO2.[Cl-],,,,,,
12826,C1172,Berberine Chloride,,CID:6426334,CHEMBL12089,C20H18NO4.ClH,COc1c(OC)ccc2c1c[n+]1CCc3c(c1c2)cc1c(c3)OCO1.[Cl-],H1230,excluded_multifragment,COc1ccc2cc3[n+](cc2c1OC)CCc1cc2c(cc1-3)OCO2.[Cl-],,,,,,
13025,C1172,Berberine Chloride,,CID:6426334,CHEMBL12089,C20H18NO4.ClH,COc1c(OC)ccc2c1c[n+]1CCc3c(c1c2)cc1c(c3)OCO1.[Cl-],H0082,excluded_multifragment,COc1ccc2cc3[n+](cc2c1OC)CCc1cc2c(cc1-3)OCO2.[Cl-],,,,,,
13653,C0817,Morroniside,CAS:25406-64-8,CID:11228693,CHEMBL1209803,C17H26O11,COC(=C1C=[O][C@H]([C@H]2[C@@H]1C[C@H](O)O[C@H]2C)O[C@@H]1O[C@H](CO)[C@H]([C@@H]([C@H]1O)O)O)[O-],H0427,invalid_smiles,,,,,,,
13891,C1172,Berberine Chloride,,CID:6426334,CHEMBL12089,C20H18NO4.ClH,COc1c(OC)ccc2c1c[n+]1CCc3c(c1c2)cc1c(c3)OCO1.[Cl-],H1242,excluded_multifragment,COc1ccc2cc3[n+](cc2c1OC)CCc1cc2c(cc1-3)OCO2.[Cl-],,,,,,
14000,C0353,Quercetin Dihydrate,,CID:16212154,CHEMBL1173475,C15H10O7.H2O,Oc1cc(O)c2c(c1)oc(c(c2=O)O)c1ccc(c(c1)O)O.O,H0391,excluded_multifragment,O.O=c1c(O)c(-c2ccc(O)c(O)c2)oc2cc(O)cc(O)c12,,,,,,
14475,C1267,Cyanidin Chloride,,CID:68247,CHEMBL511367,C15H10O6.ClH,C1=CC(=C(C=C1C2=[O+]C3=CC(=CC(=C3C=C2O)O)O)O)O.[Cl-],H0944,excluded_multifragment,Oc1cc(O)c2cc(O)c(-c3ccc(O)c(O)c3)[o+]c2c1.[Cl-],,,,,,
14622,C1267,Cyanidin Chloride,,CID:68247,CHEMBL511367,C15H10O6.ClH,C1=CC(=C(C=C1C2=[O+]C3=CC(=CC(=C3C=C2O)O)O)O)O.[Cl-],H0031,excluded_multifragment,Oc1cc(O)c2cc(O)c(-c3ccc(O)c(O)c3)[o+]c2c1.[Cl-],,,,,,
14673,C0410,Sodium Benzoate,,CID:517055,CHEMBL1356,C7H6O2.Na,[O-]C(=O)c1ccccc1.[Na+],H0024,excluded_multifragment,O=C([O-])c1ccccc1.[Na+],,,,,,
14773,C0606,Choline,,CID:31255,CHEMBL3187547,C5H15NO2,OCC[N+](C)(C)C.[OH-],H1039,excluded_multifragment,C[N+](C)(C)CCO.[OH-],,,,,,
14946,C1172,Berberine Chloride,,CID:6426334,CHEMBL12089,C20H18NO4.ClH,COc1c(OC)ccc2c1c[n+]1CCc3c(c1c2)cc1c(c3)OCO1.[Cl-],H1241,excluded_multifragment,COc1ccc2cc3[n+](cc2c1OC)CCc1cc2c(cc1-3)OCO2.[Cl-],,,,,,
