rank_high_mic,rank_low_mic,canonical_smiles,source_row_count,Compound Id,Pref Name,CAS,Pubchem ID,Chembl ID,Formula,Herb ID,herb_count,pred_log2_mic,pred_mic_ug_ml,overlap_model_dataset,seen_in_model_train_split
1,1009,CO,5,C0215,Methyl Alcohol,CAS:67-56-1,CID:887,CHEMBL14688,CH4O,H1015 | H1017 | H0360 | H0847 | H1016,5,11.491013526916504,2878.3244854818013,False,False
2,1008,Oc1ccccc1O,30,C1221,Catechol,CAS:120-80-9,CID:289,CHEMBL280998,C6H6O2,H0420 | H0419 | H1127 | H1169 | H0173 | H0626 | H0772 | H0530 | H0941 | H0617 | H0141 | H0360 | H0140 | H0531 | H0301 | H0269 | H0847 | H0733 | H1229 | H1164 | H0158 | H0302 | H0663 | H0421 | H0304 | H0527 | H0422 | H0226 | H0529 | H1102,30,11.181131362915039,2321.966371686022,False,False
3,1007,c1ccccc1,4,C1164,Benzene,,CID:241,CHEMBL277500,C6H6,H0360 | H0028 | H0847 | H0895,4,11.116747856140137,2220.6215951273152,False,False
4,1006,COc1c(/C=C/C(=O)c2ccc(O)c(CC=C(C)C)c2)ccc(O)c1O,12,C0493,Licochalcone D,CAS:144506-15-0,CID:10473311,CHEMBL1644932,C21H22O5,H1075 | H0571 | H1066 | H0444 | H1067 | H1074 | H1073 | H1070 | H1072 | H0240 | H1071 | H1069,12,11.114501953125,2217.1673510634387,False,False
5,1005,Cc1ccccc1,21,C0450,Toluene,CAS:108-88-3,CID:1140,CHEMBL9113,C7H8,H0551 | H1214 | H1011 | H0398 | H0416 | H0399 | H0104 | H0103 | H1198 | H0360 | H0518 | H0028 | H0847 | H0071 | H0524 | H0895 | H1173 | H0154 | H0358 | H0613 | H0357,21,10.79532241821289,1777.1163426926269,False,False
6,1004,Cc1cccc(C)c1,26,C0228,M-Xylene,CAS:108-38-3,CID:7929,CHEMBL286727,C8H10,H0201 | H0111 | H0416 | H0450 | H0745 | H0200 | H0533 | H0103 | H0360 | H0847 | H0647 | H0575 | H0746 | H0197 | H0418 | H0452 | H0154 | H0198 | H0451 | H0358 | H0766 | H0246 | H0585 | H0613 | H0357 | H0822,26,10.694287300109863,1656.9189295178132,False,False
7,1003,CCCCCC=CCC=CCC=CCC=CCCCC(=O)O,10,C0917,Arachidonic Acid,,CID:444899,CHEMBL15594,C20H32O2,H0204 | H0484 | H0919 | H0360 | H0028 | H0195 | H0847 | H0895 | H0461 | H0003,10,10.373188972473145,1326.2977455372406,False,False
8,1002,COc1cc(O)c(CC=C(C)C)c(O)c1C(=O)/C=C/c1ccc(O)cc1,11,C0486,Xanthohumol,CAS:6754-58-1,CID:639665,CHEMBL253896,C21H22O5,H0120 | H0201 | H0111 | H0957 | H0200 | H0533 | H0575 | H0197 | H0198 | H0826 | H0246,11,10.366514205932617,1320.175675304288,False,False
9,1001,Oc1cccc(O)c1O,15,C0349,Pyrogallol,CAS:87-66-1,CID:1057,CHEMBL307145,C6H6O3,H0429 | H1015 | H1170 | H0153 | H1017 | H1034 | H0617 | H0360 | H1201 | H0784 | H0847 | H1171 | H1016 | H0152 | H0547,15,10.295500755310059,1256.7663610099416,False,False
10,1000,COc1ccc2[nH]cc(CCN=C(C)O)c2c1,3,C0210,Melatonin,CAS:73-31-4,CID:896,CHEMBL45,C13H16N2O2,H0360 | H0847 | H0446,3,10.274613380432129,1238.7019502478086,False,False
11,999,O=C(CC(=O)c1ccccc1)c1ccccc1,12,C0013,Dibenzoylmethane,CAS:120-46-7,CID:8433,CHEMBL371523,C15H12O2,H1075 | H0571 | H1066 | H0444 | H1067 | H1074 | H1073 | H1070 | H1072 | H0240 | H1071 | H1069,12,10.253751754760742,1220.9189830660584,False,False
12,998,CC(=O)c1ccc(O)c(O)c1,2,C0599,"3',4'-Dihydroxyacetophenone",CAS:1197-09-7,CID:14530,CHEMBL243161,C8H8O3,H0049 | H0092,2,10.14611530303955,1133.1438490439778,False,False
13,997,O=C(O)c1ccc(O)c(O)c1,194,C0333,Protocatechuic Acid,CAS:99-50-3,CID:72,CHEMBL37537,C7H6O4,H0892 | H0534 | H1141 | H1051 | H0409 | H0468 | H0939 | H0825 | H0420 | H0419 | H0717 | H1020 | H0108 | H0393 | H1015 | H0164 | H0120 | H1118 | H1018 | H0773 | H0519 | H0155 | H1222 | H0973 | H0048 | H0439 | H0956 | H0762 | H1061 | H0615 | H1075 | H0315 | H1244 | H0486 | H0065 | H1127 | H1010 | H1090 | H0057 | H0354 | H1169 | H0173 | H0571 | H0416 | H1221 | H1148 | H0070 | H1225 | H0299 | H0153 | H0700 | H1017 | H0938 | H0463 | H0075 | H0995 | H0941 | H1034 | H0485 | H0950 | H0570 | H1213 | H0515 | H0740 | H0457 | H1066 | H0053 | H0366 | H0338 | H0509 | H0856 | H1114 | H0949 | H0607 | H0605 | H0141 | H0743 | H0016 | H1124 | H0444 | H0464 | H1100 | H1133 | H1067 | H1120 | H0001 | H0462 | H0608 | H0860 | H0750 | H0394 | H0424 | H1183 | H1074 | H0128 | H0093 | H1184 | H0327 | H0923 | H0360 | H0819 | H1240 | H0227 | H1073 | H0396 | H0140 | H1087 | H0085 | H0496 | H0934 | H0874 | H0612 | H1201 | H0731 | H0301 | H1139 | H1224 | H0368 | H0857 | H0269 | H1140 | H0951 | H0972 | H0397 | H0847 | H1046 | H1070 | H1053 | H0166 | H1220 | H1055 | H0606 | H1045 | H0967 | H0733 | H0609 | H0004 | H0632 | H0395 | H0088 | H1072 | H0365 | H0893 | H1164 | H0159 | H1079 | H0818 | H0015 | H0240 | H0056 | H0358 | H1019 | H0064 | H0007 | H0302 | H0716 | H0663 | H1212 | H1068 | H0718 | H0241 | H1149 | H1016 | H0421 | H0473 | H0897 | H1150 | H0304 | H0035 | H0357 | H0955 | H0422 | H0427 | H1227 | H1071 | H1069 | H0152 | H0391 | H0109 | H0214 | H0572 | H0005 | H0314 | H0237 | H1156 | H0179 | H0858 | H0083 | H0932 | H0514 | H0219 | H1186 | H1102 | H1147,194,10.138070106506348,1126.84245258598,False,False
14,996,C=Cc1ccccc1,31,C0419,Styrene,CAS:100-42-5,CID:7501,CHEMBL285235,C8H8,H0510 | H1011 | H0790 | H1022 | H0201 | H0788 | H0787 | H0366 | H1114 | H0200 | H0789 | H0093 | H0360 | H0085 | H1139 | H0368 | H0565 | H0847 | H0002 | H0197 | H0747 | H0088 | H0786 | H1129 | H1173 | H0198 | H0246 | H0367 | H0427 | H0903 | H0307,31,10.109780311584473,1104.961441811969,False,False
15,995,COc1cc(O)c(C(C)=O)c(OC)c1,6,C0488,Xanthoxylin,CAS:90-24-4,CID:66654,CHEMBL450288,C10H12O4,H1214 | H0048 | H0975 | H0001 | H0923 | H0974,6,10.1017484664917,1098.8269363719835,False,False
16,994,CCC=CCC=CCC=CCCCCCCCC(=O)O,132,C0190,Linolenic Acid,CAS:463-40-1,CID:5280934,CHEMBL8739,C18H30O2,H0204 | H1051 | H1108 | H0558 | H0409 | H0484 | H0713 | H0420 | H0419 | H0714 | H1015 | H0869 | H0126 | H1011 | H0125 | H1222 | H0956 | H0249 | H0697 | H0315 | H1244 | H1204 | H0065 | H1127 | H0073 | H0354 | H0888 | H1169 | H0095 | H0238 | H0715 | H0173 | H0878 | H0416 | H1104 | H1112 | H1176 | H1170 | H0535 | H1225 | H0688 | H1017 | H0094 | H1077 | H0745 | H0463 | H0995 | H0941 | H0850 | H0950 | H0308 | H0515 | H0849 | H0729 | H0740 | H0969 | H0949 | H0665 | H0466 | H0141 | H0743 | H0239 | H0464 | H0597 | H0462 | H0332 | H0750 | H0278 | H0093 | H0998 | H1000 | H0360 | H0381 | H1240 | H0227 | H0385 | H0140 | H0028 | H0195 | H0301 | H1188 | H1224 | H0650 | H0573 | H0951 | H0847 | H1171 | H0384 | H1055 | H1232 | H0380 | H0733 | H0746 | H0418 | H0383 | H0584 | H0446 | H0088 | H0895 | H1107 | H1173 | H0557 | H1164 | H0382 | H0277 | H0358 | H0659 | H0064 | H0614 | H1106 | H0302 | H1105 | H0242 | H0585 | H1016 | H0421 | H0604 | H0539 | H0304 | H0035 | H0357 | H1111 | H0955 | H0422 | H0003 | H1227 | H1110 | H0314 | H0547 | H0255 | H0768 | H0679,132,10.082411766052246,1084.1974218375851,False,False
17,993,O=C(O)c1ccccc1,67,C1166,Benzoic Acid,,CID:20144841,CHEMBL541,C7H6O2,H0710 | H0429 | H0021 | H0022 | H0918 | H0707 | H0973 | H0711 | H0173 | H0758 | H0688 | H0265 | H0495 | H0139 | H0053 | H0937 | H0805 | H0607 | H0605 | H0103 | H0578 | H1133 | H0608 | H0693 | H0360 | H1134 | H0227 | H0396 | H0784 | H1026 | H0804 | H0269 | H0972 | H0397 | H0565 | H0847 | H0137 | H0476 | H1162 | H0606 | H0609 | H0747 | H0813 | H0250 | H0853 | H0154 | H1079 | H0461 | H0708 | H0076 | H1223 | H0131 | H0500 | H0473 | H0490 | H0498 | H0871 | H0802 | H0263 | H0391 | H1036 | H0023 | H1156 | H0768 | H0024 | H0679 | H0696,67,10.049177169799805,1059.5068279546551,False,False
18,992,CCCCCC=CCC=CCC=CCCCCC(=O)O,10,C0095,Gamolenic Acid,CAS:506-26-3,CID:5280933,CHEMBL464982,C18H30O2,H0204 | H1051 | H0126 | H0125 | H0466 | H0750 | H0360 | H0847 | H1055 | H0003,10,10.044707298278809,1056.22926039737,False,False
19,991,COc1ccc(C(C)=O)c(O)c1,35,C0283,Paeonol,CAS:552-41-0,CID:11092,CHEMBL1079227,C9H10O3,H0629 | H0429 | H0204 | H1051 | H0673 | H0021 | H0155 | H0439 | H0238 | H0416 | H0450 | H0266 | H0338 | H0844 | H0750 | H0273 | H0396 | H0784 | H1188 | H0968 | H0397 | H0071 | H1162 | H1055 | H0452 | H0159 | H0451 | H0358 | H0642 | H0684 | H0357 | H0003 | H0391 | H1036 | H0023,35,10.002756118774414,1025.958115252962,False,False
20,990,COC(=O)c1cc(OC)c(O)c(OC)c1,1,C0614,Methyl Syringate,CAS:884-35-5,CID:70164,CHEMBL1236122,C10H12O5,H0778,1,9.990620613098145,1017.3642671225663,False,False
21,989,CC(C)=CCCC(C)=CCO,56,C0102,Geraniol,CAS:106-24-1,CID:637566,CHEMBL25719,C10H18O,H1214 | H0390 | H0089 | H0164 | H1011 | H0065 | H0354 | H1169 | H0238 | H0758 | H0745 | H0938 | H0805 | H0607 | H0605 | H0141 | H0651 | H0239 | H0103 | H0608 | H1183 | H0093 | H0403 | H0273 | H0360 | H1109 | H0140 | H0028 | H0301 | H0804 | H0968 | H0847 | H0606 | H0063 | H0746 | H0609 | H0418 | H0813 | H0446 | H0088 | H0895 | H1173 | H0154 | H1164 | H1005 | H0064 | H0652 | H0302 | H0242 | H0303 | H0585 | H0304 | H0613 | H0802 | H0237 | H0410,56,9.951221466064453,989.956598560914,False,False
22,988,O=C(/C=C/c1ccccc1)c1ccccc1,3,C1226,Chalcone,CAS:94-41-7,CID:637760,CHEMBL7976,C15H12O,H0574 | H0693 | H0582,3,9.915643692016602,965.8422016678039,True,True
23,987,Oc1ccccc1,37,C0300,Phenol,,CID:996,CHEMBL14060,C6H6O,H1051 | H0551 | H0704 | H0958 | H0956 | H0216 | H0894 | H0173 | H0772 | H1170 | H0153 | H1231 | H1203 | H0960 | H0104 | H1124 | H0217 | H0750 | H0327 | H0360 | H0028 | H0078 | H0269 | H0565 | H0847 | H1171 | H1055 | H0446 | H1228 | H0895 | H0181 | H1115 | H1230 | H1029 | H0955 | H0152 | H0547,37,9.851829528808594,924.0515510369002,False,False
24,986,O=Cc1ccc(O)c(O)c1,44,C0332,Protocatechualdehyde,CAS:139-85-5,CID:8768,CHEMBL222021,C7H6O3,H1020 | H0155 | H0134 | H0048 | H0439 | H0315 | H1244 | H0279 | H0626 | H0153 | H0950 | H0139 | H0338 | H0509 | H0856 | H0949 | H0456 | H1002 | H0001 | H0860 | H1151 | H0923 | H0360 | H1240 | H0831 | H0857 | H0269 | H0951 | H0847 | H0159 | H1019 | H0614 | H1003 | H0663 | H0147 | H0035 | H0152 | H0226 | H0314 | H0542 | H0501 | H0858 | H0514 | H1186,44,9.83956527709961,916.229546372981,False,False
25,985,CC(C)=CCc1c2c(c3occ(-c4ccc(O)cc4)c(=O)c3c1O)C=CC(C)(C)O2,1,C0268,Osajin,,CID:95168,CHEMBL238188,C25H24O5,H0905,1,9.811168670654297,898.3716996220052,False,False
26,984,O=C(O)c1ccc(C(=O)O)cc1,2,C0435,Terephthalic Acid,CAS:100-21-0,CID:7489,CHEMBL1374420,C8H6O4,H0360 | H0847,2,9.787666320800781,883.8552585189606,False,False
27,983,COc1cc(OC)c2c(=O)cc(-c3ccccc3)oc2c1,6,C1238,Chrysin Dimethyl Ether,CAS:21392-57-4,CID:88881,CHEMBL275391,C17H14O4,H0839 | H0130 | H0116 | H0671 | H1160 | H0042,6,9.781587600708008,880.1390152146768,False,False
28,982,c1ccc(-c2ccccc2)cc1,2,C1190,Biphenyl,CAS:92-52-4,CID:7095,CHEMBL14092,C12H10,H0551 | H0104,2,9.713982582092285,839.8469213865395,False,False
29,981,O=c1cc(-c2ccccc2)oc2cc(O)c(O)c(O)c12,24,C1114,Baicalein,CAS:491-67-8,CID:5281605,CHEMBL8260,C15H10O5,H0429 | H0928 | H0310 | H0926 | H1015 | H0164 | H1253 | H1222 | H1252 | H0530 | H1225 | H1017 | H0531 | H0784 | H1224 | H0270 | H1251 | H0472 | H0927 | H1016 | H0527 | H1254 | H1227 | H0529,24,9.683717727661133,822.4121268427008,False,False
30,980,O=C(O)c1cc(O)c(O)c(O)c1,168,C0090,Gallic Acid,CAS:149-91-7,CID:370,CHEMBL288114,C7H6O5,H0567 | H0429 | H0928 | H0420 | H0721 | H0419 | H0926 | H0108 | H0393 | H0120 | H0958 | H0012 | H0519 | H0973 | H1049 | H0695 | H1061 | H1152 | H0692 | H1047 | H0634 | H0594 | H1075 | H0315 | H1244 | H0065 | H1127 | H1090 | H0354 | H1169 | H0571 | H0470 | H1221 | H0772 | H1170 | H0153 | H0463 | H0975 | H0941 | H1034 | H1213 | H0515 | H0068 | H0243 | H1066 | H0980 | H0960 | H0104 | H0856 | H0511 | H0649 | H0566 | H0868 | H0141 | H0705 | H0408 | H0016 | H0259 | H0656 | H1137 | H0444 | H0464 | H0569 | H0177 | H1067 | H0462 | H0860 | H0394 | H0424 | H0703 | H1074 | H0128 | H0379 | H0278 | H0093 | H1184 | H0344 | H0067 | H0998 | H1000 | H0069 | H0115 | H0360 | H0648 | H0819 | H0345 | H1240 | H0227 | H1073 | H0396 | H0140 | H0085 | H1201 | H0351 | H0784 | H0301 | H1188 | H0857 | H0269 | H0972 | H0453 | H0397 | H0847 | H1171 | H1070 | H0166 | H1220 | H0798 | H1097 | H0925 | H0043 | H0733 | H0670 | H0446 | H0395 | H0088 | H1072 | H1164 | H1079 | H0472 | H0461 | H0060 | H0818 | H0240 | H0277 | H0064 | H1027 | H0302 | H0927 | H0440 | H0979 | H1068 | H0635 | H0421 | H0084 | H0473 | H1130 | H0897 | H0304 | H0035 | H0422 | H0734 | H0974 | H0427 | H1071 | H1069 | H0540 | H0152 | H0391 | H0109 | H0214 | H0848 | H0185 | H1082 | H0314 | H0547 | H0237 | H1036 | H0255 | H1156 | H0179 | H0858 | H1009 | H0932 | H0591 | H0219 | H0990 | H1102,168,9.68030834197998,820.4708921827958,False,False
31,979,OCCOc1ccccc1,2,C0711,2-Phenoxyethanol,CAS:122-99-6,CID:31236,CHEMBL1229846,C8H10O2,H0360 | H0847,2,9.665292739868164,811.9756986363828,False,False
32,978,COc1ccc2ccc(=O)oc2c1CC=C(C)C,18,C0271,Osthole,CAS:484-12-8,CID:10228,CHEMBL52229,C15H16O3,H0551 | H0634 | H0758 | H0805 | H0922 | H0868 | H0651 | H0804 | H0430 | H0881 | H0813 | H0652 | H0635 | H0084 | H0802 | H0433 | H0331 | H1009,18,9.663732528686523,811.0980573109198,False,False
33,977,CC(=N)O,2,C0847,Acetamide,,CID:178,CHEMBL16081,C2H5NO,H0360 | H0847,2,9.657580375671387,807.6466176237317,False,False
34,976,O=C(O)c1ccc(O)cc1,162,C0291,Paraben,,CID:3702506,CHEMBL441343,C7H6O3,H0629 | H0534 | H1051 | H0342 | H0420 | H0419 | H0108 | H0393 | H0120 | H1022 | H0970 | H0958 | H1118 | H0757 | H0915 | H0973 | H0956 | H0755 | H1075 | H0315 | H1244 | H0216 | H1127 | H0279 | H1010 | H0275 | H1169 | H0715 | H0173 | H0571 | H1052 | H0343 | H0416 | H0626 | H0350 | H1221 | H0772 | H0153 | H0700 | H0938 | H0463 | H0900 | H0075 | H0995 | H0941 | H1157 | H1203 | H0515 | H1180 | H0233 | H0729 | H0139 | H0243 | H1066 | H0053 | H0960 | H0856 | H0006 | H0722 | H0607 | H0566 | H0605 | H0141 | H0841 | H0444 | H0464 | H1116 | H0775 | H1133 | H1067 | H1120 | H0328 | H1154 | H0462 | H0608 | H0756 | H0860 | H0217 | H0693 | H0750 | H0394 | H0859 | H1074 | H0113 | H0093 | H0143 | H0327 | H0115 | H0360 | H1240 | H1073 | H0396 | H0140 | H0846 | H0874 | H0855 | H0301 | H1188 | H0857 | H0269 | H1210 | H0972 | H0397 | H0847 | H1070 | H0248 | H0166 | H1220 | H1055 | H0606 | H0733 | H0609 | H0747 | H0004 | H0395 | H0088 | H1072 | H1129 | H1164 | H1079 | H0920 | H0240 | H0358 | H0158 | H0302 | H1185 | H0765 | H0718 | H0241 | H0421 | H0473 | H0364 | H0897 | H0623 | H0304 | H0035 | H1029 | H0357 | H0639 | H0955 | H0422 | H1071 | H1069 | H0152 | H0391 | H0109 | H0572 | H0005 | H0226 | H0314 | H0377 | H0237 | H1036 | H0255 | H1156 | H0542 | H0555 | H0858 | H0809 | H0219 | H1102 | H0307,162,9.61380672454834,783.5093736720993,False,False
35,975,CC(C)=CCC/C(C)=C\COc1ccc2ccc(=O)oc2c1,1,C0722,Aurapten,CAS:495-02-3,CID:1795390,,C19H22O3,H0813,1,9.613739013671875,783.472601617048,False,False
36,974,CC(C=CC=C(C)C(=O)O)=CC=CC=C(C)C=CC=C(C)C(=O)O,1,C0741,?-Crocetin,CAS:27876-94-4,CID:5281232,CHEMBL464792,C20H24O4,H0818,1,9.60527515411377,778.8896591200588,False,False
37,973,CC(C)=CCc1c(O)ccc2ccc(=O)oc12,2,C0270,Osthenol,CAS:484-14-0,CID:5320318,CHEMBL350475,C14H14O3,H0881 | H0331,2,9.581864356994629,766.3525129529377,False,False
38,972,COc1cc(C(C)=O)ccc1O,9,C0916,Apocynin,CAS:498-02-2,CID:2214,CHEMBL346919,C9H10O3,H0939 | H1202 | H0995 | H0049 | H0270 | H0446 | H0007 | H0253 | H0348,9,9.56300163269043,756.3979445653831,False,False
39,971,Cc1ccccc1O,2,C0555,O-Cresol,CAS:95-48-7,CID:335,CHEMBL46931,C7H8O,H0396 | H0955,2,9.561260223388672,755.4854830022464,False,False
40,970,Cc1ccccc1C,10,C0277,O-Xylene,CAS:95-47-6,CID:7237,CHEMBL45005,C8H10,H0416 | H0103 | H0360 | H0269 | H0847 | H0154 | H0358 | H0766 | H0613 | H0357,10,9.550321578979492,749.7789846066647,False,False
41,969,O=Cc1ccccc1,105,C1162,Benzaldehyde,,CID:240,CHEMBL15972,C7H6O,H0204 | H1108 | H0156 | H0595 | H0289 | H0510 | H0601 | H0267 | H0164 | H1011 | H0155 | H0134 | H1054 | H0439 | H0201 | H0065 | H1010 | H0073 | H0354 | H0095 | H0238 | H0173 | H1217 | H0416 | H0602 | H1104 | H1112 | H1050 | H1170 | H0530 | H0094 | H0745 | H0941 | H0850 | H0849 | H0729 | H0338 | H0481 | H0200 | H0103 | H1120 | H0574 | H1198 | H0935 | H0508 | H0273 | H0360 | H0381 | H0385 | H0028 | H0582 | H0531 | H0269 | H0565 | H0847 | H1171 | H0647 | H0384 | H0071 | H1097 | H0221 | H0002 | H0380 | H0746 | H0197 | H0418 | H0747 | H0383 | H0004 | H0074 | H0895 | H1107 | H1173 | H0154 | H0382 | H0159 | H0198 | H0281 | H0503 | H0358 | H0064 | H0614 | H0306 | H1106 | H0246 | H1105 | H1101 | H0585 | H0749 | H0539 | H0613 | H0527 | H0035 | H0357 | H1111 | H0003 | H0572 | H0005 | H0903 | H0529 | H0253 | H0547 | H0679 | H0822 | H0990,105,9.51835823059082,733.350068495489,False,False
42,968,O=c1c(O)c(-c2ccc(O)c(O)c2)oc2cc(O)c(O)c(O)c12,2,C0351,Quercetagetin,CAS:90-18-6,CID:5281680,CHEMBL413552,C15H10O8,H0093 | H0088,2,9.494848251342773,721.4963326600621,False,False
43,967,CC(C)=CCc1cc2c(cc1O)O[C@H](c1ccc(O)cc1)CC2=O,2,C1136,Bavachin,CAS:19879-32-4,CID:14236566,CHEMBL469444,C20H20O4,H0456 | H0312,2,9.48187255859375,715.0362426411557,False,False
44,966,CCO,12,C0867,Alcohol,,CID:702,CHEMBL545,C2H6O,H0956 | H0522 | H0173 | H0416 | H0938 | H0103 | H0360 | H0847 | H0154 | H0358 | H0357 | H0955,12,9.464390754699707,706.4241014002263,False,False
45,965,N=C(O)c1ccccc1,3,C1163,Benzamide,,CID:2331,CHEMBL267373,C7H7NO,H0764 | H0360 | H0847,3,9.421730995178223,685.8413105945343,False,False
46,964,C/C=C/c1cc(OC)c(OC)cc1OC,24,C0453,Trans-Asarone,CAS:2883-98-9,CID:636822,CHEMBL333306,C12H16O3,H0289 | H0022 | H1169 | H0450 | H0771 | H0769 | H1146 | H0141 | H0770 | H0505 | H0140 | H0085 | H0301 | H0452 | H1164 | H0451 | H0302 | H0303 | H0304 | H0035 | H0427 | H0848 | H1043 | H0024,24,9.403310775756836,677.1402071569157,False,False
47,963,Oc1ccc(O)cc1,13,C0130,Hydroquinone,CAS:123-31-9,CID:785,CHEMBL537,C6H6O2,H0429 | H0164 | H0456 | H0360 | H1087 | H1201 | H0784 | H0269 | H0565 | H0847 | H0636 | H0214 | H0219,13,9.358105659484863,656.251797699697,False,False
48,962,O=c1cccccc1,1,C0591,Benzaldehyde,,CID:10881,,C7H6O,H0155,1,9.348973274230957,652.1107869737252,False,False
49,961,CC(=O)c1ccccc1,15,C0851,Acetophenone,CAS:98-86-2,CID:7410,CHEMBL274467,C8H8O,H0510 | H0551 | H0164 | H0095 | H0173 | H0094 | H0104 | H0360 | H0381 | H0385 | H0847 | H0384 | H0380 | H0383 | H0382,15,9.34632682800293,650.9156665988799,False,False
50,960,O=C(O)c1ccccc1O,62,C0383,Salicylic Acid,CAS:69-72-7,CID:338,CHEMBL424,C7H6O3,H1044 | H0429 | H0108 | H1118 | H0973 | H0803 | H1239 | H0445 | H1169 | H0758 | H0416 | H1221 | H0447 | H0081 | H0265 | H0995 | H1038 | H0937 | H1113 | H0805 | H0607 | H0605 | H0141 | H0016 | H0608 | H0215 | H0093 | H0360 | H0227 | H0312 | H0140 | H0784 | H0301 | H0804 | H0972 | H0847 | H0137 | H1220 | H0606 | H0609 | H0813 | H0446 | H0088 | H1164 | H1079 | H0358 | H0302 | H1235 | H1238 | H0131 | H0718 | H0473 | H0897 | H0304 | H0802 | H0357 | H0263 | H0109 | H0237 | H1036 | H1156 | H1056,62,9.308198928833008,633.9384347259938,False,False
