epoch,step,test/mae,test/r2,test/rmse,train_loss_epoch,train_loss_step,val/mae,val/r2,val/rmse,val_loss
0,41,,,,,,0.7908679246902466,0.07032471895217896,1.0093533992767334,1.018794298171997
0,41,,,,0.9745423197746277,,,,,
1,49,,,,,1.0036070346832275,,,,
1,83,,,,,,0.7356870770454407,0.08672577142715454,1.0004104375839233,1.0008209943771362
1,83,,,,0.8676378130912781,,,,,
2,99,,,,,0.870598316192627,,,,
2,125,,,,,,0.6792848110198975,0.26726657152175903,0.8960878849029541,0.8029735088348389
2,125,,,,0.7721986770629883,,,,,
3,149,,,,,0.7685117125511169,,,,
3,167,,,,,,0.6355379223823547,0.35194700956344604,0.8427191376686096,0.7101755738258362
3,167,,,,0.6494684815406799,,,,,
4,199,,,,,0.5995504260063171,,,,
4,209,,,,,,0.647745668888092,0.28968584537506104,0.8822726607322693,0.7784050703048706
4,209,,,,0.6036115884780884,,,,,
5,249,,,,,0.7275704145431519,,,,
5,251,,,,,,0.6807830929756165,0.26789724826812744,0.8957021236419678,0.8022823333740234
5,251,,,,0.5854453444480896,,,,,
6,293,,,,,,0.6013057827949524,0.4160621762275696,0.7999464273452759,0.6399142742156982
6,293,,,,0.5719375014305115,,,,,
7,299,,,,,0.4524275064468384,,,,
7,335,,,,,,0.5972427129745483,0.43404102325439453,0.7875354290008545,0.6202120184898376
7,335,,,,0.5287612080574036,,,,,
8,349,,,,,0.47907477617263794,,,,
8,377,,,,,,0.5917260646820068,0.4516221284866333,0.7752068042755127,0.6009455919265747
8,377,,,,0.5071754455566406,,,,,
9,399,,,,,0.515272319316864,,,,
9,419,,,,,,0.5695791244506836,0.4903545379638672,0.7473287582397461,0.5585002303123474
9,419,,,,0.49293169379234314,,,,,
10,449,,,,,0.4873330295085907,,,,
10,461,,,,,,0.5608041286468506,0.5112667083740234,0.7318356037139893,0.5355833768844604
10,461,,,,0.4648903012275696,,,,,
11,499,,,,,0.464925616979599,,,,
11,503,,,,,,0.5626888275146484,0.5095314383506775,0.7331337332725525,0.5374850630760193
11,503,,,,0.44289159774780273,,,,,
12,545,,,,,,0.5678662061691284,0.5220702290534973,0.7237017750740051,0.5237442851066589
12,545,,,,0.43269291520118713,,,,,
13,549,,,,,0.48275208473205566,,,,
13,587,,,,,,0.531428873538971,0.5561203956604004,0.6974453926086426,0.4864300787448883
13,587,,,,0.40594640374183655,,,,,
14,599,,,,,0.34923577308654785,,,,
14,629,,,,,,0.5259521007537842,0.5791881084442139,0.6790810227394104,0.46115103363990784
14,629,,,,0.4074211120605469,,,,,
15,649,,,,,0.36785921454429626,,,,
15,671,,,,,,0.5190631747245789,0.584948718547821,0.6744169592857361,0.45483824610710144
15,671,,,,0.3846101760864258,,,,,
16,699,,,,,0.3704795241355896,,,,
16,713,,,,,,0.5339183211326599,0.5774620771408081,0.6804722547531128,0.4630425274372101
16,713,,,,0.3708075284957886,,,,,
17,749,,,,,0.3275056779384613,,,,
17,755,,,,,,0.5164651274681091,0.5965241193771362,0.6649460196495056,0.4421531856060028
17,755,,,,0.37115415930747986,,,,,
18,797,,,,,,0.5028417706489563,0.6158266067504883,0.6488454341888428,0.4210004210472107
18,797,,,,0.3472619950771332,,,,,
19,799,,,,,0.595572829246521,,,,
19,839,,,,,,0.49914291501045227,0.61474609375,0.6497572660446167,0.4221844971179962
19,839,,,,0.34224721789360046,,,,,
20,849,,,,,0.24355995655059814,,,,
20,881,,,,,,0.5015974044799805,0.6129716634750366,0.6512518525123596,0.4241289794445038
20,881,,,,0.3299952745437622,,,,,
21,899,,,,,0.2739851474761963,,,,
21,923,,,,,,0.5082939863204956,0.6070914268493652,0.6561805605888367,0.4305729269981384
21,923,,,,0.3249760866165161,,,,,
22,949,,,,,0.2773860692977905,,,,
22,965,,,,,,0.48435190320014954,0.6353564858436584,0.6321379542350769,0.3995983600616455
22,965,,,,0.32105809450149536,,,,,
23,999,,,,,0.27626678347587585,,,,
23,1007,,,,,,0.48606741428375244,0.6355290412902832,0.6319883465766907,0.3994092345237732
23,1007,,,,0.3149556815624237,,,,,
24,1049,,,,,0.1341497153043747,,,,
24,1049,,,,,,0.4779246151447296,0.648433268070221,0.6206996440887451,0.38526803255081177
24,1049,,,,0.31649506092071533,,,,,
25,1091,,,,,,0.4754362106323242,0.6481907367706299,0.6209136843681335,0.38553377985954285
25,1091,,,,0.30046117305755615,,,,,
26,1099,,,,,0.386410653591156,,,,
26,1133,,,,,,0.48108407855033875,0.6460117101669312,0.6228336095809937,0.38792169094085693
26,1133,,,,0.3079400062561035,,,,,
27,1149,,,,,0.25836989283561707,,,,
27,1175,,,,,,0.4825074076652527,0.637324333190918,0.6304299235343933,0.39744192361831665
27,1175,,,,0.29338330030441284,,,,,
28,1199,,,,,0.33214789628982544,,,,
28,1217,,,,,,0.4711894094944,0.6555573344230652,0.6143785715103149,0.3774610459804535
28,1217,,,,0.28686612844467163,,,,,
29,1249,,,,,0.2691059112548828,,,,
29,1259,,,,,,0.46788716316223145,0.6543174386024475,0.6154834032058716,0.3788197934627533
29,1259,,,,0.2887234389781952,,,,,
30,1260,1.6906805038452148,0.5303565263748169,2.2660930156707764,,,,,,
